{"v":"4.8.0","meta":{"g":"LottieFiles AE ","a":"","k":"","d":"","tc":""},"fr":60,"ip":0,"op":181,"w":100,"h":100,"nm":"register-banner 2","ddd":0,"assets":[],"layers":[{"ddd":0,"ind":1,"ty":4,"nm":"daun2 Outlines","sr":1,"ks":{"o":{"a":0,"k":100,"ix":11},"r":{"a":1,"k":[{"i":{"x":[0.667],"y":[1]},"o":{"x":[0.333],"y":[0]},"t":52,"s":[0]},{"i":{"x":[0.667],"y":[1]},"o":{"x":[0.333],"y":[0]},"t":80,"s":[-5.658]},{"i":{"x":[0.667],"y":[1]},"o":{"x":[0.333],"y":[0]},"t":87,"s":[-5.658]},{"t":152,"s":[0]}],"ix":10},"p":{"a":0,"k":[77.535,100.791,0],"ix":2},"a":{"a":0,"k":[89.394,868.716,0],"ix":1},"s":{"a":0,"k":[5,5,100],"ix":6}},"ao":0,"shapes":[{"ty":"gr","it":[{"ind":0,"ty":"sh","ix":1,"ks":{"a":0,"k":{"i":[[261.099,-109.303],[139.413,-47.722],[81.429,-63.573],[122.661,-198.79000000000002],[117.981,-258.532],[64.676,-274.33],[86.709,-328.976],[116.311,-328.976],[74.08800000000001,-420.466],[-132.558,-225.728],[-269.144,78.02600000000001],[-233.926,420.466],[-114.301,420.466],[-45.814,320.189],[269.064,123.12299999999999]],"o":[[145.527,-109.303],[85.58,-47.722],[81.429,-104.032],[122.079,-258.90000000000003],[86.709,-258.539],[64.676,-313.185],[115.103,-328.976],[104.502,-373.68600000000004],[-102.591,-420.466],[-159.505,-97.67099999999999],[-269.144,322.695],[-224.742,420.466],[-114.301,385.247],[83.212,179.16500000000002],[269.144,-52.715]],"v":[[202.926,-109.303],[100.57,-47.722],[81.429,-78.512],[126.118,-259.639],[113.874,-258.539],[64.676,-293.757],[113.874,-328.976],[117.5,-328.867],[7.257,-420.466],[-149.202,-146.67],[-269.144,208.073],[-224.742,420.466],[-114.301,420.466],[-29.517,302.377],[269.064,-21.012]],"c":true},"ix":2},"nm":"Path 1","mn":"ADBE Vector Shape - Group","hd":false,"_render":true},{"ty":"fl","c":{"a":0,"k":[0.2872,0.8328,0.7873,1],"ix":4},"o":{"a":0,"k":100,"ix":5},"r":1,"bm":0,"nm":"Fill 1","mn":"ADBE Vector Graphic - Fill","hd":false,"_render":true},{"ty":"tr","p":{"a":0,"k":[269.394,420.716],"ix":2},"a":{"a":0,"k":[0,0],"ix":1},"s":{"a":0,"k":[100,100],"ix":3},"r":{"a":0,"k":0,"ix":6},"o":{"a":0,"k":100,"ix":7},"sk":{"a":0,"k":0,"ix":4},"sa":{"a":0,"k":0,"ix":5},"nm":"Transform","_render":true}],"nm":"Group 1","np":2,"cix":2,"bm":0,"ix":1,"mn":"ADBE Vector Group","hd":false,"_render":true}],"ip":0,"op":181,"st":0,"bm":0,"completed":true},{"ddd":0,"ind":2,"ty":4,"nm":"daun1 Outlines","sr":1,"ks":{"o":{"a":0,"k":100,"ix":11},"r":{"a":1,"k":[{"i":{"x":[0.667],"y":[1]},"o":{"x":[0.333],"y":[0]},"t":52,"s":[-10.995]},{"i":{"x":[0.667],"y":[1]},"o":{"x":[0.333],"y":[0]},"t":64,"s":[-17.312]},{"i":{"x":[0.667],"y":[1]},"o":{"x":[0.333],"y":[0]},"t":79,"s":[-0.17]},{"t":152,"s":[-10.995]}],"ix":10},"p":{"a":0,"k":[76.113,100.842,0],"ix":2},"a":{"a":0,"k":[313.76,771.771,0],"ix":1},"s":{"a":1,"k":[{"i":{"x":[0.667,0.667,0.667],"y":[1,1,1]},"o":{"x":[0.333,0.333,0.333],"y":[0,0,0]},"t":52,"s":[5,5,100]},{"i":{"x":[0.667,0.667,0.667],"y":[1,1,1]},"o":{"x":[0.333,0.333,0.333],"y":[0,0,0]},"t":64,"s":[4.691,4.445,100]},{"i":{"x":[0.667,0.667,0.667],"y":[1,1,1]},"o":{"x":[0.333,0.333,0.333],"y":[0,0,0]},"t":86,"s":[4.691,4.782,100]},{"t":152,"s":[5,5,100]}],"ix":6}},"ao":0,"shapes":[{"ty":"gr","it":[{"ind":0,"ty":"sh","ix":1,"ks":{"a":0,"k":{"i":[[-50.18199999999999,-371.521],[-169.51,-346.634],[-163.692,-201.904],[-148.211,-140.929],[-93.05,-132.70600000000002],[-116.29,-104.363],[-144.239,-100.153],[-93.01,-89.67099999999999],[-111.03,-63.546],[15.905000000000001,297.616],[169.511,371.521],[169.511,298.359]],"o":[[-164.94299999999998,-371.521],[-169.404,-263.908],[-150.341,-140.791],[-116.787,-140.929],[-93.05,-112.39800000000001],[-144.663,-102.193],[-115.548,-97.72500000000001],[-93.01,-70.92699999999999],[-83.19300000000001,139.05700000000002],[82.737,371.521],[169.511,371.521],[169.482,170.80899999999997]],"v":[[-155.224,-371.521],[-169.51,-326.048],[-152.441,-140.791],[-146.061,-140.929],[-93.05,-122.552],[-145.109,-104.175],[-143.773,-98.141],[-93.01,-79.764],[-135.025,-61.803],[82.737,371.521],[169.511,371.521],[169.511,298.359]],"c":true},"ix":2},"nm":"Path 1","mn":"ADBE Vector Shape - Group","hd":false,"_render":true},{"ty":"fl","c":{"a":0,"k":[0.2597,0.7203,0.6819,1],"ix":4},"o":{"a":0,"k":100,"ix":5},"r":1,"bm":0,"nm":"Fill 1","mn":"ADBE Vector Graphic - Fill","hd":false,"_render":true},{"ty":"tr","p":{"a":0,"k":[169.76,371.771],"ix":2},"a":{"a":0,"k":[0,0],"ix":1},"s":{"a":0,"k":[100,100],"ix":3},"r":{"a":0,"k":0,"ix":6},"o":{"a":0,"k":100,"ix":7},"sk":{"a":0,"k":0,"ix":4},"sa":{"a":0,"k":0,"ix":5},"nm":"Transform","_render":true}],"nm":"Group 1","np":2,"cix":2,"bm":0,"ix":1,"mn":"ADBE Vector Group","hd":false,"_render":true}],"ip":0,"op":181,"st":0,"bm":0,"completed":true},{"ddd":0,"ind":3,"ty":4,"nm":"badan Outlines","sr":1,"ks":{"o":{"a":0,"k":100,"ix":11},"r":{"a":0,"k":0,"ix":10},"p":{"a":0,"k":[18.82,63.902,0],"ix":2},"a":{"a":0,"k":[194.513,708.524,0],"ix":1},"s":{"a":0,"k":[5,5,100],"ix":6}},"ao":0,"shapes":[{"ty":"gr","it":[{"ind":0,"ty":"sh","ix":1,"ks":{"a":0,"k":{"i":[[85.655,-28.789],[19.923,-28.789],[-85.694,12.939],[-85.694,28.789],[85.694,28.789]],"o":[[85.655,-28.789],[19.923,-28.789],[-85.694,12.939],[-85.694,28.789],[85.694,28.789]],"v":[[85.655,-28.789],[19.923,-28.789],[-85.694,12.939],[-85.694,28.789],[85.694,28.789]],"c":true},"ix":2},"nm":"Path 1","mn":"ADBE Vector Shape - Group","hd":false,"_render":true},{"ty":"fl","c":{"a":0,"k":[0,0,0,1],"ix":4},"o":{"a":0,"k":100,"ix":5},"r":1,"bm":0,"nm":"Fill 1","mn":"ADBE Vector Graphic - Fill","hd":false,"_render":true},{"ty":"tr","p":{"a":0,"k":[185.501,1388.008],"ix":2},"a":{"a":0,"k":[0,0],"ix":1},"s":{"a":0,"k":[100,100],"ix":3},"r":{"a":0,"k":0,"ix":6},"o":{"a":0,"k":100,"ix":7},"sk":{"a":0,"k":0,"ix":4},"sa":{"a":0,"k":0,"ix":5},"nm":"Transform","_render":true}],"nm":"Group 1","np":2,"cix":2,"bm":0,"ix":1,"mn":"ADBE Vector Group","hd":false,"_render":true},{"ty":"gr","it":[{"ind":0,"ty":"sh","ix":1,"ks":{"a":0,"k":{"i":[[-66.31099999999999,-99.005],[77.596,61.67400000000001],[-52.71,101.777]],"o":[[60.299,-101.77799999999999],[56.871,90.70100000000001],[-77.596,74.117]],"v":[[-1.213,-100.431],[67.233,76.188],[-65.152,87.947]],"c":true},"ix":2},"nm":"Path 1","mn":"ADBE Vector Shape - Group","hd":false,"_render":true},{"ty":"fl","c":{"a":0,"k":[0.7081,0.5644,0.9956,1],"ix":4},"o":{"a":0,"k":100,"ix":5},"r":1,"bm":0,"nm":"Fill 1","mn":"ADBE Vector Graphic - Fill","hd":false,"_render":true},{"ty":"tr","p":{"a":0,"k":[311.18,157.243],"ix":2},"a":{"a":0,"k":[0,0],"ix":1},"s":{"a":0,"k":[100,100],"ix":3},"r":{"a":0,"k":0,"ix":6},"o":{"a":0,"k":100,"ix":7},"sk":{"a":0,"k":0,"ix":4},"sa":{"a":0,"k":0,"ix":5},"nm":"Transform","_render":true}],"nm":"Group 2","np":2,"cix":2,"bm":0,"ix":2,"mn":"ADBE Vector Group","hd":false,"_render":true},{"ty":"gr","it":[{"ind":0,"ty":"sh","ix":1,"ks":{"a":0,"k":{"i":[[-54.533,-215.439],[-41.813,-96.27],[-69.304,196.081],[-41.743,231.745],[59.09899999999999,17.59],[57.068000000000005,-215.459]],"o":[[-54.919000000000004,-200.123],[-30.093,-9.604999999999997],[-69.304,196.081],[-41.743,231.745],[69.30399999999999,-49.44],[52.966,-231.746]],"v":[[-54.533,-215.439],[-22.96,-46.349],[-69.304,196.081],[-41.743,231.745],[64.201,-15.925],[55.017,-223.602]],"c":true},"ix":2},"nm":"Path 1","mn":"ADBE Vector Shape - Group","hd":false,"_render":true},{"ty":"fl","c":{"a":0,"k":[0.8704,0.617,0.4096,1],"ix":4},"o":{"a":0,"k":100,"ix":5},"r":1,"bm":0,"nm":"Fill 1","mn":"ADBE Vector Graphic - Fill","hd":false,"_render":true},{"ty":"tr","p":{"a":0,"k":[315.371,471.126],"ix":2},"a":{"a":0,"k":[0,0],"ix":1},"s":{"a":0,"k":[100,100],"ix":3},"r":{"a":0,"k":0,"ix":6},"o":{"a":0,"k":100,"ix":7},"sk":{"a":0,"k":0,"ix":4},"sa":{"a":0,"k":0,"ix":5},"nm":"Transform","_render":true}],"nm":"Group 3","np":2,"cix":2,"bm":0,"ix":3,"mn":"ADBE Vector Group","hd":false,"_render":true},{"ty":"gr","it":[{"ind":0,"ty":"sh","ix":1,"ks":{"a":0,"k":{"i":[[185.356,-296.833],[-113.03699999999999,254.313],[119.88199999999999,296.834]],"o":[[-185.35700000000003,-296.833],[-90.331,286.014],[141.36999999999998,229.94300000000004]],"v":[[20.705,-296.833],[-101.684,270.164],[132.801,256.583]],"c":true},"ix":2},"nm":"Path 1","mn":"ADBE Vector Shape - Group","hd":false,"_render":true},{"ty":"fl","c":{"a":0,"k":[0.6816,0.5248,0.9952,1],"ix":4},"o":{"a":0,"k":100,"ix":5},"r":1,"bm":0,"nm":"Fill 1","mn":"ADBE Vector Graphic - Fill","hd":false,"_render":true},{"ty":"tr","p":{"a":0,"k":[185.607,297.083],"ix":2},"a":{"a":0,"k":[0,0],"ix":1},"s":{"a":0,"k":[100,100],"ix":3},"r":{"a":0,"k":0,"ix":6},"o":{"a":0,"k":100,"ix":7},"sk":{"a":0,"k":0,"ix":4},"sa":{"a":0,"k":0,"ix":5},"nm":"Transform","_render":true}],"nm":"Group 4","np":2,"cix":2,"bm":0,"ix":4,"mn":"ADBE Vector Group","hd":false,"_render":true},{"ty":"gr","it":[{"ind":0,"ty":"sh","ix":1,"ks":{"a":0,"k":{"i":[[76.327,384.4],[115.112,-388.59],[3.0560000000000116,-348.775],[8.911,388.59],[75.951,388.59]],"o":[[76.327,384.4],[96.89399999999999,-375.513],[-106.90899999999999,-313.735],[8.911,388.59],[75.951,388.59]],"v":[[76.327,384.4],[115.112,-388.59],[-115.112,-381.596],[8.911,388.59],[75.951,388.59]],"c":true},"ix":2},"nm":"Path 1","mn":"ADBE Vector Shape - Group","hd":false,"_render":true},{"ty":"fl","c":{"a":0,"k":[0.0039,0.6157,0.5686,1],"ix":4},"o":{"a":0,"k":100,"ix":5},"r":1,"bm":0,"nm":"Fill 1","mn":"ADBE Vector Graphic - Fill","hd":false,"_render":true},{"ty":"tr","p":{"a":0,"k":[198.553,939.986],"ix":2},"a":{"a":0,"k":[0,0],"ix":1},"s":{"a":0,"k":[100,100],"ix":3},"r":{"a":0,"k":0,"ix":6},"o":{"a":0,"k":100,"ix":7},"sk":{"a":0,"k":0,"ix":4},"sa":{"a":0,"k":0,"ix":5},"nm":"Transform","_render":true}],"nm":"Group 5","np":2,"cix":2,"bm":0,"ix":5,"mn":"ADBE Vector Group","hd":false,"_render":true},{"ty":"gr","it":[{"ind":0,"ty":"sh","ix":1,"ks":{"a":0,"k":{"i":[[-30.924,-20.141],[30.924,-20.141],[30.924,20.141],[-30.924,20.141]],"o":[[-30.924,-20.141],[30.924,-20.141],[30.924,20.141],[-30.924,20.141]],"v":[[-30.924,-20.141],[30.924,-20.141],[30.924,20.141],[-30.924,20.141]],"c":true},"ix":2},"nm":"Path 1","mn":"ADBE Vector Shape - Group","hd":false,"_render":true},{"ty":"fl","c":{"a":0,"k":[0.8704,0.617,0.4096,1],"ix":4},"o":{"a":0,"k":100,"ix":5},"r":1,"bm":0,"nm":"Fill 1","mn":"ADBE Vector Graphic - Fill","hd":false,"_render":true},{"ty":"tr","p":{"a":0,"k":[240.271,1343.635],"ix":2},"a":{"a":0,"k":[0,0],"ix":1},"s":{"a":0,"k":[100,100],"ix":3},"r":{"a":0,"k":0,"ix":6},"o":{"a":0,"k":100,"ix":7},"sk":{"a":0,"k":0,"ix":4},"sa":{"a":0,"k":0,"ix":5},"nm":"Transform","_render":true}],"nm":"Group 6","np":2,"cix":2,"bm":0,"ix":6,"mn":"ADBE Vector Group","hd":false,"_render":true}],"ip":0,"op":181,"st":0,"bm":0,"completed":true},{"ddd":0,"ind":4,"ty":4,"nm":"kepala Outlines","sr":1,"ks":{"o":{"a":0,"k":100,"ix":11},"r":{"a":1,"k":[{"i":{"x":[0.667],"y":[1]},"o":{"x":[0.333],"y":[0]},"t":0,"s":[0]},{"i":{"x":[0.667],"y":[1]},"o":{"x":[0.333],"y":[0]},"t":17,"s":[-19.27]},{"i":{"x":[0.667],"y":[-2.583]},"o":{"x":[0.333],"y":[0]},"t":26,"s":[-11.835]},{"i":{"x":[0.667],"y":[1]},"o":{"x":[0.333],"y":[-0.366]},"t":39,"s":[-12.195]},{"t":84,"s":[0]}],"ix":10},"p":{"a":0,"k":[19.516,29.186,0],"ix":2},"a":{"a":0,"k":[188.278,310.576,0],"ix":1},"s":{"a":0,"k":[5,5,100],"ix":6}},"ao":0,"shapes":[{"ty":"gr","it":[{"ind":0,"ty":"sh","ix":1,"ks":{"a":0,"k":{"i":[[-8.88,-16.079],[16.079,-8.879000000000001],[8.88,16.079],[-16.079,8.881]],"o":[[8.88,-16.079],[16.079,8.881],[-8.88,16.079],[-16.079,-8.879000000000001]],"v":[[0,-16.079],[16.079,0.001],[0,16.079],[-16.079,0.001]],"c":true},"ix":2},"nm":"Path 1","mn":"ADBE Vector Shape - Group","hd":false,"_render":true},{"ty":"fl","c":{"a":0,"k":[0.8704,0.617,0.4096,1],"ix":4},"o":{"a":0,"k":100,"ix":5},"r":1,"bm":0,"nm":"Fill 1","mn":"ADBE Vector Graphic - Fill","hd":false,"_render":true},{"ty":"tr","p":{"a":0,"k":[224.036,187.826],"ix":2},"a":{"a":0,"k":[0,0],"ix":1},"s":{"a":0,"k":[100,100],"ix":3},"r":{"a":0,"k":0,"ix":6},"o":{"a":0,"k":100,"ix":7},"sk":{"a":0,"k":0,"ix":4},"sa":{"a":0,"k":0,"ix":5},"nm":"Transform","_render":true}],"nm":"Group 1","np":2,"cix":2,"bm":0,"ix":1,"mn":"ADBE Vector Group","hd":false,"_render":true},{"ty":"gr","it":[{"ind":0,"ty":"sh","ix":1,"ks":{"a":0,"k":{"i":[[-124.029,45.928],[-117.906,-3.061],[-122.503,-38.279999999999994],[-96.468,-91.876],[-50.53,-73.499],[26.031,-79.621],[88.81,-26.025],[124.029,7.658000000000001],[96.468,91.876],[33.689,71.973],[36.75,48.998999999999995],[-33.322,-0.01],[-52.652,33.324],[-69.702,55.096000000000004]],"o":[[-124.029,9.184],[-117.906,-26.035],[-122.503,-79.621],[-56.653000000000006,-91.876],[15.311,-73.499],[82.688,-79.621],[88.81,6.1320000000000014],[124.029,61.244],[53.592,91.876],[33.689,52.06099999999999],[36.75,7.647999999999996],[-49.441,16.334],[-61.397,53.538000000000004],[-85.74900000000001,55.122]],"v":[[-124.029,19.903],[-117.906,-15.316],[-122.503,-53.596],[-82.688,-91.876],[-9.189,-73.499],[39.811,-79.621],[88.81,-19.903],[124.029,35.219],[75.03,91.876],[33.689,65.841],[36.75,39.806],[-44.031,-0.01],[-53.582,50.515],[-78.081,55.112]],"c":true},"ix":2},"nm":"Path 1","mn":"ADBE Vector Shape - Group","hd":false,"_render":true},{"ty":"fl","c":{"a":0,"k":[0.1782,0.1818,0.1815,1],"ix":4},"o":{"a":0,"k":100,"ix":5},"r":1,"bm":0,"nm":"Fill 1","mn":"ADBE Vector Graphic - Fill","hd":false,"_render":true},{"ty":"tr","p":{"a":0,"k":[124.278,92.126],"ix":2},"a":{"a":0,"k":[0,0],"ix":1},"s":{"a":0,"k":[100,100],"ix":3},"r":{"a":0,"k":0,"ix":6},"o":{"a":0,"k":100,"ix":7},"sk":{"a":0,"k":0,"ix":4},"sa":{"a":0,"k":0,"ix":5},"nm":"Transform","_render":true}],"nm":"Group 2","np":2,"cix":2,"bm":0,"ix":2,"mn":"ADBE Vector Group","hd":false,"_render":true},{"ty":"gr","it":[{"ind":0,"ty":"sh","ix":1,"ks":{"a":0,"k":{"i":[[-67.922,57.504999999999995],[-29.279999999999998,-112.794],[67.922,-57.504],[29.279999999999998,112.794]],"o":[[-60.954,-64.845],[41.897,-108.73899999999999],[60.954,64.846],[-41.897,108.74]],"v":[[-64.438,-3.67],[6.309,-110.767],[64.438,3.671],[-6.309,110.768]],"c":true},"ix":2},"nm":"Path 1","mn":"ADBE Vector Shape - Group","hd":false,"_render":true},{"ty":"fl","c":{"a":0,"k":[0.8704,0.617,0.4096,1],"ix":4},"o":{"a":0,"k":100,"ix":5},"r":1,"bm":0,"nm":"Fill 1","mn":"ADBE Vector Graphic - Fill","hd":false,"_render":true},{"ty":"tr","p":{"a":0,"k":[162.933,145.302],"ix":2},"a":{"a":0,"k":[0,0],"ix":1},"s":{"a":0,"k":[100,100],"ix":3},"r":{"a":0,"k":0,"ix":6},"o":{"a":0,"k":100,"ix":7},"sk":{"a":0,"k":0,"ix":4},"sa":{"a":0,"k":0,"ix":5},"nm":"Transform","_render":true}],"nm":"Group 3","np":2,"cix":2,"bm":0,"ix":3,"mn":"ADBE Vector Group","hd":false,"_render":true},{"ty":"gr","it":[{"ind":0,"ty":"sh","ix":1,"ks":{"a":0,"k":{"i":[[34.243,-60.685],[-34.243,-60.685],[-34.243,46.904],[34.243,59.872]],"o":[[34.243,-60.685],[-34.243,-60.685],[-34.243,60.685],[34.243,46.904]],"v":[[34.243,-60.685],[-34.243,-60.685],[-34.243,46.904],[34.243,46.904]],"c":true},"ix":2},"nm":"Path 1","mn":"ADBE Vector Shape - Group","hd":false,"_render":true},{"ty":"fl","c":{"a":0,"k":[1,0.4431,0,1],"ix":4},"o":{"a":0,"k":100,"ix":5},"r":1,"bm":0,"nm":"Fill 1","mn":"ADBE Vector Graphic - Fill","hd":false,"_render":true},{"ty":"tr","p":{"a":0,"k":[182.848,256.218],"ix":2},"a":{"a":0,"k":[0,0],"ix":1},"s":{"a":0,"k":[100,100],"ix":3},"r":{"a":0,"k":0,"ix":6},"o":{"a":0,"k":100,"ix":7},"sk":{"a":0,"k":0,"ix":4},"sa":{"a":0,"k":0,"ix":5},"nm":"Transform","_render":true}],"nm":"Group 4","np":2,"cix":2,"bm":0,"ix":4,"mn":"ADBE Vector Group","hd":false,"_render":true}],"ip":0,"op":181,"st":0,"bm":0,"completed":true},{"ddd":0,"ind":5,"ty":4,"nm":"text Outlines","sr":1,"ks":{"o":{"a":0,"k":100,"ix":11},"r":{"a":0,"k":0,"ix":10},"p":{"a":0,"k":[58.555,49.788,0],"ix":2},"a":{"a":0,"k":[451.407,767.578,0],"ix":1},"s":{"a":0,"k":[5,5,100],"ix":6}},"ao":0,"shapes":[{"ty":"gr","it":[{"ind":0,"ty":"sh","ix":1,"ks":{"a":0,"k":{"i":[[-402.634,-31.919],[402.634,-31.919],[402.634,31.919],[-402.634,31.919]],"o":[[-402.634,-31.919],[402.634,-31.919],[402.634,31.919],[-402.634,31.919]],"v":[[-402.634,-31.919],[402.634,-31.919],[402.634,31.919],[-402.634,31.919]],"c":true},"ix":2},"nm":"Path 1","mn":"ADBE Vector Shape - Group","hd":false,"_render":true},{"ty":"fl","c":{"a":0,"k":[0.451,0.649,0.6325,1],"ix":4},"o":{"a":0,"k":100,"ix":5},"r":1,"bm":0,"nm":"Fill 1","mn":"ADBE Vector Graphic - Fill","hd":false,"_render":true},{"ty":"tr","p":{"a":0,"k":[439.202,463.562],"ix":2},"a":{"a":0,"k":[0,0],"ix":1},"s":{"a":0,"k":[100,100],"ix":3},"r":{"a":0,"k":0,"ix":6},"o":{"a":0,"k":100,"ix":7},"sk":{"a":0,"k":0,"ix":4},"sa":{"a":0,"k":0,"ix":5},"nm":"Transform","_render":true}],"nm":"Group 1","np":2,"cix":2,"bm":0,"ix":1,"mn":"ADBE Vector Group","hd":false,"_render":true},{"ty":"gr","it":[{"ind":0,"ty":"sh","ix":1,"ks":{"a":0,"k":{"i":[[-35.897,-64.999],[64.999,-35.897],[35.898,64.999],[-64.999,35.897]],"o":[[35.898,-64.999],[64.999,35.897],[-35.897,64.999],[-64.999,-35.897]],"v":[[0,-64.999],[64.999,0],[0,64.999],[-64.999,0]],"c":true},"ix":2},"nm":"Path 1","mn":"ADBE Vector Shape - Group","hd":false,"_render":true},{"ty":"fl","c":{"a":0,"k":[0.268,0.532,0.51,1],"ix":4},"o":{"a":0,"k":100,"ix":5},"r":1,"bm":0,"nm":"Fill 1","mn":"ADBE Vector Graphic - Fill","hd":false,"_render":true},{"ty":"tr","p":{"a":0,"k":[107.065,1469.908],"ix":2},"a":{"a":0,"k":[0,0],"ix":1},"s":{"a":0,"k":[100,100],"ix":3},"r":{"a":0,"k":0,"ix":6},"o":{"a":0,"k":100,"ix":7},"sk":{"a":0,"k":0,"ix":4},"sa":{"a":0,"k":0,"ix":5},"nm":"Transform","_render":true}],"nm":"Group 2","np":2,"cix":2,"bm":0,"ix":2,"mn":"ADBE Vector Group","hd":false,"_render":true},{"ty":"gr","it":[{"ind":0,"ty":"sh","ix":1,"ks":{"a":0,"k":{"i":[[-48.891,-15.524],[48.891,-15.524],[48.891,15.524],[-48.891,15.524]],"o":[[-48.891,-15.524],[48.891,-15.524],[48.891,15.524],[-48.891,15.524]],"v":[[-48.891,-15.524],[48.891,-15.524],[48.891,15.524],[-48.891,15.524]],"c":true},"ix":2},"nm":"Path 1","mn":"ADBE Vector Shape - Group","hd":false,"_render":true},{"ty":"fl","c":{"a":0,"k":[0.268,0.532,0.51,1],"ix":4},"o":{"a":0,"k":100,"ix":5},"r":1,"bm":0,"nm":"Fill 1","mn":"ADBE Vector Graphic - Fill","hd":false,"_render":true},{"ty":"tr","p":{"a":0,"k":[297.435,577.085],"ix":2},"a":{"a":0,"k":[0,0],"ix":1},"s":{"a":0,"k":[100,100],"ix":3},"r":{"a":0,"k":0,"ix":6},"o":{"a":0,"k":100,"ix":7},"sk":{"a":0,"k":0,"ix":4},"sa":{"a":0,"k":0,"ix":5},"nm":"Transform","_render":true}],"nm":"Group 3","np":2,"cix":2,"bm":0,"ix":3,"mn":"ADBE Vector Group","hd":false,"_render":true},{"ty":"gr","it":[{"ind":0,"ty":"sh","ix":1,"ks":{"a":0,"k":{"i":[[-48.891,-15.524],[48.891,-15.524],[48.891,15.524],[-48.891,15.524]],"o":[[-48.891,-15.524],[48.891,-15.524],[48.891,15.524],[-48.891,15.524]],"v":[[-48.891,-15.524],[48.891,-15.524],[48.891,15.524],[-48.891,15.524]],"c":true},"ix":2},"nm":"Path 1","mn":"ADBE Vector Shape - Group","hd":false,"_render":true},{"ty":"fl","c":{"a":0,"k":[0.268,0.532,0.51,1],"ix":4},"o":{"a":0,"k":100,"ix":5},"r":1,"bm":0,"nm":"Fill 1","mn":"ADBE Vector Graphic - Fill","hd":false,"_render":true},{"ty":"tr","p":{"a":0,"k":[167.299,577.085],"ix":2},"a":{"a":0,"k":[0,0],"ix":1},"s":{"a":0,"k":[100,100],"ix":3},"r":{"a":0,"k":0,"ix":6},"o":{"a":0,"k":100,"ix":7},"sk":{"a":0,"k":0,"ix":4},"sa":{"a":0,"k":0,"ix":5},"nm":"Transform","_render":true}],"nm":"Group 4","np":2,"cix":2,"bm":0,"ix":4,"mn":"ADBE Vector Group","hd":false,"_render":true},{"ty":"gr","it":[{"ind":0,"ty":"sh","ix":1,"ks":{"a":0,"k":{"i":[[-332.092,-14.954],[332.092,-14.954],[332.092,14.954],[-332.092,14.954]],"o":[[-332.092,-14.954],[332.092,-14.954],[332.092,14.954],[-332.092,14.954]],"v":[[-332.092,-14.954],[332.092,-14.954],[332.092,14.954],[-332.092,14.954]],"c":true},"ix":2},"nm":"Path 1","mn":"ADBE Vector Shape - Group","hd":false,"_render":true},{"ty":"fl","c":{"a":0,"k":[0.9647,0.9569,0.9804,1],"ix":4},"o":{"a":0,"k":100,"ix":5},"r":1,"bm":0,"nm":"Fill 1","mn":"ADBE Vector Graphic - Fill","hd":false,"_render":true},{"ty":"tr","p":{"a":0,"k":[538.791,1505.468],"ix":2},"a":{"a":0,"k":[0,0],"ix":1},"s":{"a":0,"k":[100,100],"ix":3},"r":{"a":0,"k":0,"ix":6},"o":{"a":0,"k":100,"ix":7},"sk":{"a":0,"k":0,"ix":4},"sa":{"a":0,"k":0,"ix":5},"nm":"Transform","_render":true}],"nm":"Group 5","np":2,"cix":2,"bm":0,"ix":5,"mn":"ADBE Vector Group","hd":false,"_render":true},{"ty":"gr","it":[{"ind":0,"ty":"sh","ix":1,"ks":{"a":0,"k":{"i":[[-301.246,-14.954],[301.246,-14.954],[301.246,14.954],[-301.246,14.954]],"o":[[-301.246,-14.954],[301.246,-14.954],[301.246,14.954],[-301.246,14.954]],"v":[[-301.246,-14.954],[301.246,-14.954],[301.246,14.954],[-301.246,14.954]],"c":true},"ix":2},"nm":"Path 1","mn":"ADBE Vector Shape - Group","hd":false,"_render":true},{"ty":"fl","c":{"a":0,"k":[0.268,0.532,0.51,1],"ix":4},"o":{"a":0,"k":100,"ix":5},"r":1,"bm":0,"nm":"Fill 1","mn":"ADBE Vector Graphic - Fill","hd":false,"_render":true},{"ty":"tr","p":{"a":0,"k":[507.945,1442.599],"ix":2},"a":{"a":0,"k":[0,0],"ix":1},"s":{"a":0,"k":[100,100],"ix":3},"r":{"a":0,"k":0,"ix":6},"o":{"a":0,"k":100,"ix":7},"sk":{"a":0,"k":0,"ix":4},"sa":{"a":0,"k":0,"ix":5},"nm":"Transform","_render":true}],"nm":"Group 6","np":2,"cix":2,"bm":0,"ix":6,"mn":"ADBE Vector Group","hd":false,"_render":true},{"ty":"gr","it":[{"ind":0,"ty":"sh","ix":1,"ks":{"a":0,"k":{"i":[[-432.997,-14.954],[432.997,-14.954],[432.997,14.954],[-432.997,14.954]],"o":[[-432.997,-14.954],[432.997,-14.954],[432.997,14.954],[-432.997,14.954]],"v":[[-432.997,-14.954],[432.997,-14.954],[432.997,14.954],[-432.997,14.954]],"c":true},"ix":2},"nm":"Path 1","mn":"ADBE Vector Shape - Group","hd":false,"_render":true},{"ty":"fl","c":{"a":0,"k":[0.9647,0.9569,0.9804,1],"ix":4},"o":{"a":0,"k":100,"ix":5},"r":1,"bm":0,"nm":"Fill 1","mn":"ADBE Vector Graphic - Fill","hd":false,"_render":true},{"ty":"tr","p":{"a":0,"k":[469.566,1265.643],"ix":2},"a":{"a":0,"k":[0,0],"ix":1},"s":{"a":0,"k":[100,100],"ix":3},"r":{"a":0,"k":0,"ix":6},"o":{"a":0,"k":100,"ix":7},"sk":{"a":0,"k":0,"ix":4},"sa":{"a":0,"k":0,"ix":5},"nm":"Transform","_render":true}],"nm":"Group 7","np":2,"cix":2,"bm":0,"ix":7,"mn":"ADBE Vector Group","hd":false,"_render":true},{"ty":"gr","it":[{"ind":0,"ty":"sh","ix":1,"ks":{"a":0,"k":{"i":[[-432.997,-14.955],[432.997,-14.955],[432.997,14.954],[-432.997,14.954]],"o":[[-432.997,-14.955],[432.997,-14.955],[432.997,14.954],[-432.997,14.954]],"v":[[-432.997,-14.955],[432.997,-14.955],[432.997,14.954],[-432.997,14.954]],"c":true},"ix":2},"nm":"Path 1","mn":"ADBE Vector Shape - Group","hd":false,"_render":true},{"ty":"fl","c":{"a":0,"k":[0.268,0.532,0.51,1],"ix":4},"o":{"a":0,"k":100,"ix":5},"r":1,"bm":0,"nm":"Fill 1","mn":"ADBE Vector Graphic - Fill","hd":false,"_render":true},{"ty":"tr","p":{"a":0,"k":[469.566,1179.771],"ix":2},"a":{"a":0,"k":[0,0],"ix":1},"s":{"a":0,"k":[100,100],"ix":3},"r":{"a":0,"k":0,"ix":6},"o":{"a":0,"k":100,"ix":7},"sk":{"a":0,"k":0,"ix":4},"sa":{"a":0,"k":0,"ix":5},"nm":"Transform","_render":true}],"nm":"Group 8","np":2,"cix":2,"bm":0,"ix":8,"mn":"ADBE Vector Group","hd":false,"_render":true},{"ty":"gr","it":[{"ind":0,"ty":"sh","ix":1,"ks":{"a":0,"k":{"i":[[-432.997,-14.954],[432.997,-14.954],[432.997,14.954],[-432.997,14.954]],"o":[[-432.997,-14.954],[432.997,-14.954],[432.997,14.954],[-432.997,14.954]],"v":[[-432.997,-14.954],[432.997,-14.954],[432.997,14.954],[-432.997,14.954]],"c":true},"ix":2},"nm":"Path 1","mn":"ADBE Vector Shape - Group","hd":false,"_render":true},{"ty":"fl","c":{"a":0,"k":[0.9647,0.9569,0.9804,1],"ix":4},"o":{"a":0,"k":100,"ix":5},"r":1,"bm":0,"nm":"Fill 1","mn":"ADBE Vector Graphic - Fill","hd":false,"_render":true},{"ty":"tr","p":{"a":0,"k":[469.566,1093.899],"ix":2},"a":{"a":0,"k":[0,0],"ix":1},"s":{"a":0,"k":[100,100],"ix":3},"r":{"a":0,"k":0,"ix":6},"o":{"a":0,"k":100,"ix":7},"sk":{"a":0,"k":0,"ix":4},"sa":{"a":0,"k":0,"ix":5},"nm":"Transform","_render":true}],"nm":"Group 9","np":2,"cix":2,"bm":0,"ix":9,"mn":"ADBE Vector Group","hd":false,"_render":true},{"ty":"gr","it":[{"ind":0,"ty":"sh","ix":1,"ks":{"a":0,"k":{"i":[[-432.997,-14.955],[432.997,-14.955],[432.997,14.954],[-432.997,14.954]],"o":[[-432.997,-14.955],[432.997,-14.955],[432.997,14.954],[-432.997,14.954]],"v":[[-432.997,-14.955],[432.997,-14.955],[432.997,14.954],[-432.997,14.954]],"c":true},"ix":2},"nm":"Path 1","mn":"ADBE Vector Shape - Group","hd":false,"_render":true},{"ty":"fl","c":{"a":0,"k":[0.268,0.532,0.51,1],"ix":4},"o":{"a":0,"k":100,"ix":5},"r":1,"bm":0,"nm":"Fill 1","mn":"ADBE Vector Graphic - Fill","hd":false,"_render":true},{"ty":"tr","p":{"a":0,"k":[469.566,1008.026],"ix":2},"a":{"a":0,"k":[0,0],"ix":1},"s":{"a":0,"k":[100,100],"ix":3},"r":{"a":0,"k":0,"ix":6},"o":{"a":0,"k":100,"ix":7},"sk":{"a":0,"k":0,"ix":4},"sa":{"a":0,"k":0,"ix":5},"nm":"Transform","_render":true}],"nm":"Group 10","np":2,"cix":2,"bm":0,"ix":10,"mn":"ADBE Vector Group","hd":false,"_render":true},{"ty":"gr","it":[{"ind":0,"ty":"sh","ix":1,"ks":{"a":0,"k":{"i":[[-432.997,-14.954],[432.997,-14.954],[432.997,14.955],[-432.997,14.955]],"o":[[-432.997,-14.954],[432.997,-14.954],[432.997,14.955],[-432.997,14.955]],"v":[[-432.997,-14.954],[432.997,-14.954],[432.997,14.955],[-432.997,14.955]],"c":true},"ix":2},"nm":"Path 1","mn":"ADBE Vector Shape - Group","hd":false,"_render":true},{"ty":"fl","c":{"a":0,"k":[0.9647,0.9569,0.9804,1],"ix":4},"o":{"a":0,"k":100,"ix":5},"r":1,"bm":0,"nm":"Fill 1","mn":"ADBE Vector Graphic - Fill","hd":false,"_render":true},{"ty":"tr","p":{"a":0,"k":[469.566,922.154],"ix":2},"a":{"a":0,"k":[0,0],"ix":1},"s":{"a":0,"k":[100,100],"ix":3},"r":{"a":0,"k":0,"ix":6},"o":{"a":0,"k":100,"ix":7},"sk":{"a":0,"k":0,"ix":4},"sa":{"a":0,"k":0,"ix":5},"nm":"Transform","_render":true}],"nm":"Group 11","np":2,"cix":2,"bm":0,"ix":11,"mn":"ADBE Vector Group","hd":false,"_render":true},{"ty":"gr","it":[{"ind":0,"ty":"sh","ix":1,"ks":{"a":0,"k":{"i":[[-432.997,-14.954],[432.997,-14.954],[432.997,14.954],[-432.997,14.954]],"o":[[-432.997,-14.954],[432.997,-14.954],[432.997,14.954],[-432.997,14.954]],"v":[[-432.997,-14.954],[432.997,-14.954],[432.997,14.954],[-432.997,14.954]],"c":true},"ix":2},"nm":"Path 1","mn":"ADBE Vector Shape - Group","hd":false,"_render":true},{"ty":"fl","c":{"a":0,"k":[0.268,0.532,0.51,1],"ix":4},"o":{"a":0,"k":100,"ix":5},"r":1,"bm":0,"nm":"Fill 1","mn":"ADBE Vector Graphic - Fill","hd":false,"_render":true},{"ty":"tr","p":{"a":0,"k":[469.566,836.282],"ix":2},"a":{"a":0,"k":[0,0],"ix":1},"s":{"a":0,"k":[100,100],"ix":3},"r":{"a":0,"k":0,"ix":6},"o":{"a":0,"k":100,"ix":7},"sk":{"a":0,"k":0,"ix":4},"sa":{"a":0,"k":0,"ix":5},"nm":"Transform","_render":true}],"nm":"Group 12","np":2,"cix":2,"bm":0,"ix":12,"mn":"ADBE Vector Group","hd":false,"_render":true},{"ty":"gr","it":[{"ind":0,"ty":"sh","ix":1,"ks":{"a":0,"k":{"i":[[-432.997,-14.954],[432.997,-14.954],[432.997,14.955],[-432.997,14.955]],"o":[[-432.997,-14.954],[432.997,-14.954],[432.997,14.955],[-432.997,14.955]],"v":[[-432.997,-14.954],[432.997,-14.954],[432.997,14.955],[-432.997,14.955]],"c":true},"ix":2},"nm":"Path 1","mn":"ADBE Vector Shape - Group","hd":false,"_render":true},{"ty":"fl","c":{"a":0,"k":[0.9647,0.9569,0.9804,1],"ix":4},"o":{"a":0,"k":100,"ix":5},"r":1,"bm":0,"nm":"Fill 1","mn":"ADBE Vector Graphic - Fill","hd":false,"_render":true},{"ty":"tr","p":{"a":0,"k":[469.566,750.419],"ix":2},"a":{"a":0,"k":[0,0],"ix":1},"s":{"a":0,"k":[100,100],"ix":3},"r":{"a":0,"k":0,"ix":6},"o":{"a":0,"k":100,"ix":7},"sk":{"a":0,"k":0,"ix":4},"sa":{"a":0,"k":0,"ix":5},"nm":"Transform","_render":true}],"nm":"Group 13","np":2,"cix":2,"bm":0,"ix":13,"mn":"ADBE Vector Group","hd":false,"_render":true},{"ty":"gr","it":[{"ind":0,"ty":"sh","ix":1,"ks":{"a":0,"k":{"i":[[-432.997,-14.955],[432.997,-14.955],[432.997,14.955],[-432.997,14.955]],"o":[[-432.997,-14.955],[432.997,-14.955],[432.997,14.955],[-432.997,14.955]],"v":[[-432.997,-14.955],[432.997,-14.955],[432.997,14.955],[-432.997,14.955]],"c":true},"ix":2},"nm":"Path 1","mn":"ADBE Vector Shape - Group","hd":false,"_render":true},{"ty":"fl","c":{"a":0,"k":[0.268,0.532,0.51,1],"ix":4},"o":{"a":0,"k":100,"ix":5},"r":1,"bm":0,"nm":"Fill 1","mn":"ADBE Vector Graphic - Fill","hd":false,"_render":true},{"ty":"tr","p":{"a":0,"k":[469.566,664.547],"ix":2},"a":{"a":0,"k":[0,0],"ix":1},"s":{"a":0,"k":[100,100],"ix":3},"r":{"a":0,"k":0,"ix":6},"o":{"a":0,"k":100,"ix":7},"sk":{"a":0,"k":0,"ix":4},"sa":{"a":0,"k":0,"ix":5},"nm":"Transform","_render":true}],"nm":"Group 14","np":2,"cix":2,"bm":0,"ix":14,"mn":"ADBE Vector Group","hd":false,"_render":true},{"ty":"gr","it":[{"ind":0,"ty":"sh","ix":1,"ks":{"a":0,"k":{"i":[[-324.558,-158.935],[324.558,-158.935],[324.558,158.935],[-324.558,158.935]],"o":[[-324.558,-158.935],[324.558,-158.935],[324.558,158.935],[-324.558,158.935]],"v":[[-324.558,-158.935],[324.558,-158.935],[324.558,158.935],[-324.558,158.935]],"c":true},"ix":2},"nm":"Path 1","mn":"ADBE Vector Shape - Group","hd":false,"_render":true},{"ty":"fl","c":{"a":0,"k":[0.444,0.756,0.73,1],"ix":4},"o":{"a":0,"k":100,"ix":5},"r":1,"bm":0,"nm":"Fill 1","mn":"ADBE Vector Graphic - Fill","hd":false,"_render":true},{"ty":"tr","p":{"a":0,"k":[324.808,159.185],"ix":2},"a":{"a":0,"k":[0,0],"ix":1},"s":{"a":0,"k":[100,100],"ix":3},"r":{"a":0,"k":0,"ix":6},"o":{"a":0,"k":100,"ix":7},"sk":{"a":0,"k":0,"ix":4},"sa":{"a":0,"k":0,"ix":5},"nm":"Transform","_render":true}],"nm":"Group 15","np":2,"cix":2,"bm":0,"ix":15,"mn":"ADBE Vector Group","hd":false,"_render":true}],"ip":0,"op":181,"st":0,"bm":0,"completed":true},{"ddd":0,"ind":6,"ty":4,"nm":"phone Outlines","sr":1,"ks":{"o":{"a":0,"k":100,"ix":11},"r":{"a":0,"k":0,"ix":10},"p":{"a":0,"k":[52.226,49.984,0],"ix":2},"a":{"a":0,"k":[444.135,990.933,0],"ix":1},"s":{"a":0,"k":[5,5,100],"ix":6}},"ao":0,"shapes":[{"ty":"gr","it":[{"ind":0,"ty":"sh","ix":1,"ks":{"a":0,"k":{"i":[[395.827,-6.43],[395.827,822.127],[350.80899999999997,931.756],[-295.363,931.756],[-395.897,882.678],[-395.897,-822.049],[-350.90000000000003,-931.658],[295.302,-931.678],[395.82599999999996,-882.6089999999999]],"o":[[395.827,-6.43],[395.827,882.678],[295.292,931.756],[-350.841,931.756],[-395.897,822.127],[-395.897,-882.579],[-295.372,-931.678],[350.78000000000003,-931.678],[395.837,-822.069]],"v":[[395.827,-6.43],[395.827,822.127],[295.292,931.756],[-295.363,931.756],[-395.897,822.127],[-395.897,-822.049],[-295.372,-931.678],[295.302,-931.678],[395.837,-822.069]],"c":true},"ix":2},"nm":"Path 1","mn":"ADBE Vector Shape - Group","hd":false,"_render":true},{"ind":1,"ty":"sh","ix":2,"ks":{"a":0,"k":{"i":[[378.717,-990.683],[-298.423,-990.683],[-443.885,-919.581],[-443.885,831.965],[-378.778,990.633],[298.323,990.683],[443.874,919.62],[443.874,-831.966]],"o":[[298.323,-990.683],[-378.778,-990.623],[-443.885,-831.966],[-443.885,919.581],[-298.423,990.683],[378.707,990.683],[443.874,831.965],[443.88500000000005,-919.621]],"v":[[298.323,-990.683],[-298.423,-990.683],[-443.885,-831.966],[-443.885,831.965],[-298.423,990.683],[298.323,990.683],[443.874,831.965],[443.874,-831.966]],"c":true},"ix":2},"nm":"Path 2","mn":"ADBE Vector Shape - Group","hd":false,"_render":true},{"ty":"mm","mm":1,"nm":"Merge Paths 1","mn":"ADBE Vector Filter - Merge","hd":false,"_render":true},{"ty":"fl","c":{"a":0,"k":[0.9647,0.9569,0.9804,1],"ix":4},"o":{"a":0,"k":100,"ix":5},"r":1,"bm":0,"nm":"Fill 1","mn":"ADBE Vector Graphic - Fill","hd":false,"_render":true},{"ty":"tr","p":{"a":0,"k":[444.135,990.933],"ix":2},"a":{"a":0,"k":[0,0],"ix":1},"s":{"a":0,"k":[100,100],"ix":3},"r":{"a":0,"k":0,"ix":6},"o":{"a":0,"k":100,"ix":7},"sk":{"a":0,"k":0,"ix":4},"sa":{"a":0,"k":0,"ix":5},"nm":"Transform","_render":true}],"nm":"Group 1","np":6,"cix":2,"bm":0,"ix":1,"mn":"ADBE Vector Group","hd":false,"_render":true},{"ty":"gr","it":[{"ind":0,"ty":"sh","ix":1,"ks":{"a":0,"k":{"i":[[-175.377,-49.297],[148.151,-49.297],[197.448,-27.225],[175.377,49.297],[-148.151,49.297],[-197.447,27.226]],"o":[[-148.151,-49.297],[175.377,-49.297],[197.448,27.226],[148.151,49.297],[-175.377,49.297],[-197.447,-27.225]],"v":[[-148.151,-49.297],[148.151,-49.297],[197.448,0],[148.151,49.297],[-148.151,49.297],[-197.447,0]],"c":true},"ix":2},"nm":"Path 1","mn":"ADBE Vector Shape - Group","hd":false,"_render":true},{"ty":"fl","c":{"a":0,"k":[0.9647,0.9569,0.9804,1],"ix":4},"o":{"a":0,"k":100,"ix":5},"r":1,"bm":0,"nm":"Fill 1","mn":"ADBE Vector Graphic - Fill","hd":false,"_render":true},{"ty":"tr","p":{"a":0,"k":[444.1,63.971],"ix":2},"a":{"a":0,"k":[0,0],"ix":1},"s":{"a":0,"k":[100,100],"ix":3},"r":{"a":0,"k":0,"ix":6},"o":{"a":0,"k":100,"ix":7},"sk":{"a":0,"k":0,"ix":4},"sa":{"a":0,"k":0,"ix":5},"nm":"Transform","_render":true}],"nm":"Group 2","np":2,"cix":2,"bm":0,"ix":2,"mn":"ADBE Vector Group","hd":false,"_render":true},{"ty":"gr","it":[{"ind":0,"ty":"sh","ix":1,"ks":{"a":0,"k":{"i":[[395.866,-6.508],[395.866,826.409],[350.849,936.611],[-295.332,936.611],[-395.866,887.276],[-395.866,-826.407],[-350.87,-936.591],[295.332,-936.611],[395.856,-887.284],[395.866,-6.498]],"o":[[395.866,-6.508],[395.866,887.276],[295.332,936.611],[-350.81,936.611],[-395.866,826.409],[-395.866,-887.255],[-295.342,-936.611],[350.81,-936.611],[395.866,-826.417],[395.866,-6.498]],"v":[[395.866,-6.508],[395.866,826.409],[295.332,936.611],[-295.332,936.611],[-395.866,826.409],[-395.866,-826.407],[-295.342,-936.611],[295.332,-936.611],[395.866,-826.417],[395.866,-6.498]],"c":false},"ix":2},"nm":"Path 1","mn":"ADBE Vector Shape - Group","hd":false,"_render":true},{"ty":"fl","c":{"a":0,"k":[1,1,1,1],"ix":4},"o":{"a":0,"k":100,"ix":5},"r":1,"bm":0,"nm":"Fill 1","mn":"ADBE Vector Graphic - Fill","hd":false,"_render":true},{"ty":"tr","p":{"a":0,"k":[444.105,990.972],"ix":2},"a":{"a":0,"k":[0,0],"ix":1},"s":{"a":0,"k":[100,100],"ix":3},"r":{"a":0,"k":0,"ix":6},"o":{"a":0,"k":100,"ix":7},"sk":{"a":0,"k":0,"ix":4},"sa":{"a":0,"k":0,"ix":5},"nm":"Transform","_render":true}],"nm":"Group 3","np":2,"cix":2,"bm":0,"ix":3,"mn":"ADBE Vector Group","hd":false,"_render":true}],"ip":0,"op":181,"st":0,"bm":0,"completed":true},{"ddd":0,"ind":7,"ty":4,"nm":"tk Outlines","sr":1,"ks":{"o":{"a":0,"k":100,"ix":11},"r":{"a":1,"k":[{"i":{"x":[0.667],"y":[1]},"o":{"x":[0.333],"y":[0]},"t":0,"s":[0]},{"i":{"x":[0.667],"y":[1]},"o":{"x":[0.333],"y":[0]},"t":17,"s":[16.95]},{"i":{"x":[0.667],"y":[1]},"o":{"x":[0.333],"y":[0]},"t":61,"s":[16.95]},{"i":{"x":[0.667],"y":[1]},"o":{"x":[0.167],"y":[0]},"t":84,"s":[0]},{"i":{"x":[0.833],"y":[1]},"o":{"x":[0.167],"y":[0]},"t":106,"s":[0]},{"i":{"x":[0.667],"y":[1]},"o":{"x":[0.167],"y":[0]},"t":112,"s":[7.148]},{"t":152,"s":[0]}],"ix":10},"p":{"a":0,"k":[14.086,49.778,0],"ix":2},"a":{"a":0,"k":[281.698,234.488,0],"ix":1},"s":{"a":0,"k":[5,5,100],"ix":6}},"ao":0,"shapes":[{"ty":"gr","it":[{"ind":0,"ty":"sh","ix":1,"ks":{"a":0,"k":{"i":[[21.602,43.094],[-68.719,-15.792],[-19.383,-43.094],[68.719,12.384]],"o":[[21.602,43.094],[-68.719,-15.792],[-19.383,-43.094],[68.719,12.384]],"v":[[21.602,43.094],[-68.719,-15.792],[-19.383,-43.094],[68.719,12.384]],"c":true},"ix":2},"nm":"Path 1","mn":"ADBE Vector Shape - Group","hd":false,"_render":true},{"ty":"fl","c":{"a":0,"k":[0.2,0.2,0.2,1],"ix":4},"o":{"a":0,"k":100,"ix":5},"r":1,"bm":0,"nm":"Fill 1","mn":"ADBE Vector Graphic - Fill","hd":false,"_render":true},{"ty":"tr","p":{"a":0,"k":[68.969,43.345],"ix":2},"a":{"a":0,"k":[0,0],"ix":1},"s":{"a":0,"k":[100,100],"ix":3},"r":{"a":0,"k":0,"ix":6},"o":{"a":0,"k":100,"ix":7},"sk":{"a":0,"k":0,"ix":4},"sa":{"a":0,"k":0,"ix":5},"nm":"Transform","_render":true}],"nm":"Group 1","np":2,"cix":2,"bm":0,"ix":1,"mn":"ADBE Vector Group","hd":false,"_render":true},{"ty":"gr","it":[{"ind":0,"ty":"sh","ix":1,"ks":{"a":0,"k":{"i":[[117.98,12.66],[-63.651,-105.696],[-115.742,-89.676],[-112.40299999999999,-47.998999999999995],[81.107,92.301]],"o":[[102.34700000000001,4.1],[-117.98,-105.696],[-115.742,-80.007],[-29.8,-20.091],[114.612,70.318]],"v":[[117.98,12.66],[-90.816,-105.696],[-115.742,-84.842],[-36.487,-28.284],[114.226,105.696]],"c":true},"ix":2},"nm":"Path 1","mn":"ADBE Vector Shape - Group","hd":false,"_render":true},{"ty":"fl","c":{"a":0,"k":[0.8704,0.617,0.4096,1],"ix":4},"o":{"a":0,"k":100,"ix":5},"r":1,"bm":0,"nm":"Fill 1","mn":"ADBE Vector Graphic - Fill","hd":false,"_render":true},{"ty":"tr","p":{"a":0,"k":[141.165,147.03],"ix":2},"a":{"a":0,"k":[0,0],"ix":1},"s":{"a":0,"k":[100,100],"ix":3},"r":{"a":0,"k":0,"ix":6},"o":{"a":0,"k":100,"ix":7},"sk":{"a":0,"k":0,"ix":4},"sa":{"a":0,"k":0,"ix":5},"nm":"Transform","_render":true}],"nm":"Group 2","np":2,"cix":2,"bm":0,"ix":2,"mn":"ADBE Vector Group","hd":false,"_render":true}],"ip":0,"op":181,"st":0,"bm":0,"completed":true},{"ddd":0,"ind":8,"ty":4,"nm":"kk Outlines","sr":1,"ks":{"o":{"a":0,"k":100,"ix":11},"r":{"a":1,"k":[{"i":{"x":[0.667],"y":[1]},"o":{"x":[0.333],"y":[0]},"t":0,"s":[0]},{"i":{"x":[0.667],"y":[1]},"o":{"x":[0.333],"y":[0]},"t":12,"s":[-8.573]},{"i":{"x":[0.667],"y":[1]},"o":{"x":[0.333],"y":[0]},"t":45,"s":[-8.573]},{"i":{"x":[0],"y":[1]},"o":{"x":[0.333],"y":[0]},"t":56,"s":[-3.696]},{"i":{"x":[0],"y":[1]},"o":{"x":[0.17],"y":[0]},"t":68,"s":[-5.695]},{"t":121,"s":[0]}],"ix":10},"p":{"a":0,"k":[17.776,57.727,0],"ix":2},"a":{"a":0,"k":[215.404,26.892,0],"ix":1},"s":{"a":0,"k":[5,5,100],"ix":6}},"ao":0,"shapes":[{"ty":"gr","it":[{"ind":0,"ty":"sh","ix":1,"ks":{"a":0,"k":{"i":[[10.67,-78.849],[-25.53,-30.523],[-53.012,70.101],[-41.34,78.849],[53.012,-47.136]],"o":[[10.67,-78.849],[-25.53,-30.523],[-53.012,70.101],[-41.34,78.849],[53.012,-47.136]],"v":[[10.67,-78.849],[-25.53,-30.523],[-53.012,70.101],[-41.34,78.849],[53.012,-47.136]],"c":true},"ix":2},"nm":"Path 1","mn":"ADBE Vector Shape - Group","hd":false,"_render":true},{"ty":"fl","c":{"a":0,"k":[0,0,0,1],"ix":4},"o":{"a":0,"k":100,"ix":5},"r":1,"bm":0,"nm":"Fill 1","mn":"ADBE Vector Graphic - Fill","hd":false,"_render":true},{"ty":"tr","p":{"a":0,"k":[409.546,774.686],"ix":2},"a":{"a":0,"k":[0,0],"ix":1},"s":{"a":0,"k":[100,100],"ix":3},"r":{"a":0,"k":0,"ix":6},"o":{"a":0,"k":100,"ix":7},"sk":{"a":0,"k":0,"ix":4},"sa":{"a":0,"k":0,"ix":5},"nm":"Transform","_render":true}],"nm":"Group 1","np":2,"cix":2,"bm":0,"ix":1,"mn":"ADBE Vector Group","hd":false,"_render":true},{"ty":"gr","it":[{"ind":0,"ty":"sh","ix":1,"ks":{"a":0,"k":{"i":[[-69.308,-364.522],[-194.273,62.214],[154.497,364.522],[194.273,312.461],[111.254,225.866]],"o":[[-69.308,-364.522],[-194.273,79.532],[167.436,364.522],[194.273,294.351],[111.254,225.866]],"v":[[-69.308,-364.522],[-194.273,70.874],[160.966,364.522],[194.273,303.406],[111.254,225.866]],"c":true},"ix":2},"nm":"Path 1","mn":"ADBE Vector Shape - Group","hd":false,"_render":true},{"ty":"fl","c":{"a":0,"k":[0.0039,0.6157,0.5686,1],"ix":4},"o":{"a":0,"k":100,"ix":5},"r":1,"bm":0,"nm":"Fill 1","mn":"ADBE Vector Graphic - Fill","hd":false,"_render":true},{"ty":"tr","p":{"a":0,"k":[194.523,364.772],"ix":2},"a":{"a":0,"k":[0,0],"ix":1},"s":{"a":0,"k":[100,100],"ix":3},"r":{"a":0,"k":0,"ix":6},"o":{"a":0,"k":100,"ix":7},"sk":{"a":0,"k":0,"ix":4},"sa":{"a":0,"k":0,"ix":5},"nm":"Transform","_render":true}],"nm":"Group 2","np":2,"cix":2,"bm":0,"ix":2,"mn":"ADBE Vector Group","hd":false,"_render":true},{"ty":"gr","it":[{"ind":0,"ty":"sh","ix":1,"ks":{"a":0,"k":{"i":[[-37.31,7.543],[-3.258,-37.925],[37.31,-7.544],[3.258,37.925]],"o":[[-37.31,7.543],[-3.258,-37.925],[37.31,-7.544],[3.258,37.925]],"v":[[-37.31,7.543],[-3.258,-37.925],[37.31,-7.544],[3.258,37.925]],"c":true},"ix":2},"nm":"Path 1","mn":"ADBE Vector Shape - Group","hd":false,"_render":true},{"ty":"fl","c":{"a":0,"k":[0.8704,0.617,0.4096,1],"ix":4},"o":{"a":0,"k":100,"ix":5},"r":1,"bm":0,"nm":"Fill 1","mn":"ADBE Vector Graphic - Fill","hd":false,"_render":true},{"ty":"tr","p":{"a":0,"k":[383.967,706.731],"ix":2},"a":{"a":0,"k":[0,0],"ix":1},"s":{"a":0,"k":[100,100],"ix":3},"r":{"a":0,"k":0,"ix":6},"o":{"a":0,"k":100,"ix":7},"sk":{"a":0,"k":0,"ix":4},"sa":{"a":0,"k":0,"ix":5},"nm":"Transform","_render":true}],"nm":"Group 3","np":2,"cix":2,"bm":0,"ix":3,"mn":"ADBE Vector Group","hd":false,"_render":true}],"ip":0,"op":181,"st":0,"bm":0,"completed":true}],"markers":[],"__complete":true}