{
  "project_info": {
    "project_number": "733895919503",
    "firebase_url": "https://healthproject-83a51-default-rtdb.firebaseio.com",
    "project_id": "healthproject-83a51",
    "storage_bucket": "healthproject-83a51.firebasestorage.app"
  },
  "client": [
    {
      "client_info": {
        "mobilesdk_app_id": "1:733895919503:android:7041a77000393081cf6dfa",
        "android_client_info": {
          "package_name": "com.example.health_project_flutter"
        }
      },
      "oauth_client": [],
      "api_key": [
        {
          "current_key": "AIzaSyCF6bdnk5pGq6KcHYXXaRaMq2eYX1FDDOA"
        }
      ],
      "services": {
        "appinvite_service": {
          "other_platform_oauth_client": []
        }
      }
    }
  ],
  "configuration_version": "1"
}